timestamp,connections,running_threads,cpu,memory,disk
1771681506.560351,3,2,16.2,88.7,35.3
1771681516.579836,3,2,16.1,88.6,35.3
1771681526.6002975,3,2,14.2,88.8,35.3
1771681536.616121,3,2,16.2,88.9,35.3
1771681546.6442406,3,2,21.9,89.0,35.3
1771681556.660556,3,3,14.3,89.1,35.3
1771681566.6774867,3,3,22.6,89.1,35.3
1771681576.7062936,3,3,19.6,89.0,35.3
1771681586.7253525,3,3,25.6,89.2,35.3
1771681596.7395608,3,3,19.9,89.3,35.3
1771681606.7587,3,3,23.0,89.2,35.3
1771681616.7766523,3,3,16.5,88.7,35.3
1771681626.7951279,3,3,16.2,88.3,35.3
1771681636.8166142,3,3,14.4,88.3,35.3
1771681646.839212,2,2,13.8,88.5,35.3
1771681656.8627224,2,2,8.9,88.3,35.3
1771681666.8826282,3,3,13.9,88.4,35.3
1771681676.905341,3,3,23.0,88.6,35.3
1771681686.9279785,3,3,19.5,88.5,35.3
1771681696.946489,3,3,15.5,88.2,35.3
1771681706.965682,2,3,23.2,87.9,35.3
1771681717.0008302,2,3,29.0,81.2,35.3
1771681727.0213614,2,3,19.3,74.4,35.3
1771681737.0418417,2,3,10.1,74.5,35.3
1771681747.0620263,1,2,11.2,73.7,35.3
1771681757.0826204,1,2,5.4,71.4,35.3
1771681767.1022372,1,2,5.3,71.3,35.3
1771681777.1212635,1,2,10.2,65.3,35.0
1771681787.141756,1,2,28.0,60.2,34.8
1771681797.1598158,1,2,5.5,59.9,34.8
1771681807.1813269,1,2,3.1,60.1,34.8
1771681817.2010064,1,2,2.1,59.6,34.8
1771681827.221324,1,2,5.3,60.3,34.8
1771681837.2387788,1,2,12.6,61.2,34.8
1771681847.271797,1,2,13.6,61.2,34.8
1771681857.305439,1,2,10.1,60.4,34.8
1771681867.3240323,1,2,13.2,62.5,34.8
1771681877.340912,1,2,10.1,61.7,34.8
1771681887.3616245,1,2,7.4,59.9,34.8
1771681897.3785272,1,2,4.7,59.7,34.8
1771681907.3950639,1,2,6.8,59.8,34.8
1771681917.4153583,1,2,10.3,59.6,34.8
1771681927.434848,1,2,6.9,59.8,34.8
1771681937.4566674,1,2,9.0,59.5,34.8
1771681947.4875164,1,2,6.4,59.5,34.8
1771681957.5086608,1,2,5.0,59.2,34.8
1771681967.5261967,1,2,5.4,59.3,34.8
1771681977.5486875,1,2,7.0,59.3,34.8
1771681987.570671,1,2,7.8,59.6,34.8
1771681997.5923994,1,2,4.2,59.0,34.8
1771682007.6152604,1,2,6.8,59.6,34.8
1771682017.6338706,1,2,9.8,59.9,34.8
1771682027.6536498,1,2,6.8,59.6,34.8
1771682037.6747794,1,2,7.8,59.9,34.8
1771682047.6926637,1,2,6.9,59.5,34.8
1771682057.7106478,1,2,1.8,59.3,34.8
1771682067.7262309,1,2,3.3,59.4,34.8
1771682077.7414248,1,2,2.3,59.3,34.8
1771682087.75751,1,2,1.6,58.9,34.8
1771682097.7777143,1,2,2.9,59.0,34.8
1771682107.794871,1,2,3.3,59.0,34.8
1771682117.8121789,1,2,1.9,58.9,34.8
1771682127.8332748,1,2,4.7,59.1,34.8
1771682137.8545022,1,2,2.6,59.0,34.8
1771682147.870133,1,2,1.8,58.9,34.8
1771682157.888294,1,2,4.0,58.8,34.8
1771682167.905798,1,2,2.7,58.8,34.8
1771682177.92318,1,2,1.7,58.7,34.8
1771682187.9391112,1,2,2.1,58.7,34.8
1771682197.95474,1,2,6.6,58.8,34.8
1771682207.9738724,1,2,8.6,59.2,34.8
1771682217.991914,1,2,3.2,58.9,34.8
1771682228.0067706,1,2,2.9,57.9,34.8
1771682238.025671,1,2,1.6,57.7,34.8
1771682248.0432458,1,2,1.6,57.8,34.8
1771682258.0583918,1,2,3.1,58.4,34.8
1771682268.0754921,1,2,2.2,58.4,34.8
1771682278.0917602,1,2,3.0,58.4,34.8
1771682288.112973,1,2,3.0,58.0,34.8
1771682298.131376,1,2,1.9,57.9,34.8
1771682308.1489084,1,2,2.1,57.9,34.8
1771682318.1676695,1,2,2.9,57.9,34.8
1771682328.185027,1,2,1.7,57.9,34.8
1771682338.2009058,1,2,3.6,58.1,34.8
1771682348.2211735,1,2,3.0,57.9,34.8
1771682358.236591,1,2,1.5,57.8,34.8
1771682368.2562811,1,2,1.7,57.8,34.8
1771682378.2751884,1,2,1.5,57.8,34.8
1771682388.2895002,1,2,1.8,57.9,34.8
1771682398.3082652,1,2,10.0,59.7,34.8
1771682408.3154929,1,2,3.1,59.6,34.8
1771682418.337121,1,2,0.8,59.5,34.8
1771682428.358132,1,2,3.0,58.5,34.8
1771682438.3787339,1,2,4.2,58.6,34.8
1771682448.3997335,1,2,5.5,56.1,34.8
1771682458.4211788,1,2,3.5,56.3,34.8
1771682468.4404595,1,2,4.5,56.1,34.8
1771682478.4596622,1,2,2.2,56.1,34.8
1771682488.478394,1,2,3.4,56.7,34.8
1771682498.495698,1,2,1.6,56.6,34.8
1771682508.5179148,1,2,10.3,58.1,34.8
1771682518.533336,1,2,9.1,58.1,34.8
1771682528.551918,1,2,6.9,58.6,34.8
1771682538.572598,1,2,13.5,57.1,34.8
1771682548.5919392,1,2,7.9,57.3,34.8
1771682558.6117656,1,2,6.5,57.4,34.8
1771682568.6296275,1,2,10.3,57.7,34.8
1771682578.6486244,1,2,7.4,58.1,34.8
1771682588.6660311,1,2,15.2,60.6,34.8
1771682598.6836367,1,2,14.2,60.4,34.8
1771682608.7023642,1,2,16.3,61.3,34.8
1771682618.7199714,1,2,6.7,61.8,34.8
1771682628.7405238,1,2,6.8,62.4,34.8
1771682638.7626228,1,2,10.1,63.1,34.8
1771682648.785581,1,2,9.5,63.0,34.8
1771682658.811352,1,2,8.8,60.3,34.8
1771682668.8311095,1,2,2.3,58.5,34.8
1771682678.8495815,1,2,5.6,59.6,34.8
1771682688.8677983,1,2,13.3,60.8,34.8
1771682698.8876007,1,2,9.9,60.5,34.8
1771682708.907694,1,2,5.8,59.8,34.8
1771682718.9267058,1,2,4.1,59.7,34.8
1771682728.9467018,1,2,3.6,59.5,34.8
1771682738.9649675,1,2,2.5,59.4,34.8
1771682748.9837134,1,2,4.5,59.3,34.8
1771682759.0046499,1,2,18.9,64.8,34.8
1771682769.0245254,1,2,11.0,66.3,34.8
1771682779.0465846,1,2,3.6,66.1,34.8
1771682789.067661,1,2,3.0,64.7,34.8
1771682799.0879698,1,2,8.0,63.4,34.8
1771682809.106952,1,2,6.0,64.0,34.8
1771682819.129494,1,2,10.2,64.1,34.8
1771682829.1505458,1,2,7.9,63.9,34.8
1771682839.1708562,1,2,7.6,64.1,34.8
1771682849.1913807,1,2,14.4,66.1,34.8
1771682859.2117732,1,2,11.2,65.7,34.8
1771682869.2345617,1,2,9.8,65.9,34.8
1771682879.262369,1,2,18.1,66.2,34.8
1771682889.2834904,1,2,11.4,66.4,34.8
1771682899.3047574,1,2,9.0,65.9,34.8
1771682909.3270853,1,2,8.2,65.4,34.8
1771682919.3487623,1,2,10.3,65.8,34.8
1771682929.367501,1,2,3.5,66.6,34.8
1771682939.3901243,1,2,8.9,68.3,34.8
1771682949.4105268,1,2,9.8,66.0,34.8
1771682959.4299555,1,2,9.5,65.7,34.8
1771682969.4508212,1,2,8.3,65.8,34.8
1771682979.4709535,1,2,8.7,66.0,34.8
1771682989.4910345,1,2,14.0,66.3,34.8
1771682999.5127623,1,2,10.7,65.8,34.8
1771683009.536032,1,2,8.0,65.6,34.8
1771683019.5608635,1,2,10.2,67.1,34.8
1771683029.5823467,1,2,11.6,66.2,34.8
1771683039.6065013,1,2,5.1,66.8,34.8
1771683049.625233,1,2,15.8,66.8,34.8
1771683059.6449866,1,2,13.4,65.6,34.8
1771683069.6650057,1,2,10.4,65.4,34.8
1771683079.6851416,1,2,10.6,65.4,34.8
1771683089.7031813,1,2,8.2,65.0,34.8
1771683099.7225401,1,2,9.9,66.7,34.8
1771683109.7409515,1,2,7.7,64.7,34.8
1771683119.7601082,1,2,9.2,64.8,34.8
1771683129.7770634,1,2,8.1,64.7,34.8
1771683139.7953157,1,2,11.0,65.5,34.8
1771683149.8139732,1,2,9.2,67.5,34.8
1771683159.8316574,1,2,12.6,67.9,34.8
1771683169.851925,1,2,7.1,68.0,34.8
1771683179.8709776,1,2,12.4,66.7,34.8
1771683189.8916352,1,2,6.7,66.0,34.8
1771683199.909981,1,2,7.6,66.0,34.8
1771683209.9290495,1,2,7.6,65.7,34.8
1771683219.9484808,1,2,12.0,66.2,34.8
1771683229.9669626,1,2,8.5,65.7,34.8
1771683239.9873176,1,2,11.1,65.7,34.8
1771683250.006012,1,2,9.0,65.5,34.8
1771683260.026196,1,2,8.2,65.5,34.8
1771683270.0451713,1,2,8.4,65.4,34.8
1771683280.067839,1,2,8.4,65.8,34.8
1771683290.0879214,1,2,11.1,66.2,34.8
1771683300.105919,1,2,10.9,67.0,34.8
1771683310.1255622,1,2,13.4,67.2,34.8
1771681566.6774867,3,3,22.6,89.1,35.3
1771681576.7062936,3,3,19.6,89.0,35.3
1771681586.7253525,3,3,25.6,89.2,35.3
1771681596.7395608,3,3,19.9,89.3,35.3
1771681606.7587,3,3,23.0,89.2,35.3
1771681616.7766523,3,3,16.5,88.7,35.3
1771681626.7951279,3,3,16.2,88.3,35.3
1771681636.8166142,3,3,14.4,88.3,35.3
1771681646.839212,2,2,13.8,88.5,35.3
1771681656.8627224,2,2,8.9,88.3,35.3
1771681666.8826282,3,3,13.9,88.4,35.3
1771681676.905341,3,3,23.0,88.6,35.3
1771681686.9279785,3,3,19.5,88.5,35.3
1771701151.2456365,1,2,21.6,90.2,35.9
1771701161.2656229,1,2,15.4,91.3,35.9
1771701201.3446445,1,2,15.4,91.2,35.9
1771701211.3719604,1,2,20.8,92.3,35.9
1771701221.3891354,1,2,16.4,92.5,35.9
1771701231.4095144,3,3,13.9,92.0,35.9
1771701241.4257028,3,3,21.2,91.9,35.9
1771701251.447202,3,3,21.9,91.9,35.9
1771701261.4622395,3,3,19.7,91.6,35.9
1771701271.4781554,3,3,18.9,91.6,35.9
1771701281.4968052,4,4,21.3,91.4,35.9
1771701291.5121646,4,4,24.7,91.6,35.9
1771701301.5324068,4,4,27.8,91.7,35.9
1771701311.549351,4,4,21.7,91.5,35.9
1771701321.567252,4,4,22.3,91.4,35.9
1771701331.586897,3,3,26.9,91.7,35.9
1771701341.6047661,3,3,20.0,91.6,35.9
1771701351.621078,3,3,15.3,90.8,35.9
1771701361.63715,2,2,19.5,90.9,35.9
1771701371.6554956,2,2,12.0,91.0,35.9
1771701381.6716268,2,2,11.2,90.9,35.9
1771701391.6880755,2,2,10.6,90.7,35.9
1771701401.7078562,2,2,17.9,91.3,35.9
1771701411.729898,2,2,17.5,91.1,35.9
1771701421.7520616,2,2,12.2,90.7,35.9
1771701431.774767,2,2,14.6,90.8,35.9
1771701441.790769,2,2,11.6,90.7,35.9
1771701451.8092642,2,2,9.1,90.6,35.9
1771701461.8280904,2,2,14.7,91.7,35.9
1771701471.8467789,2,2,10.5,90.5,35.9
1771701481.8634012,2,2,9.8,90.5,35.9
1771701491.8775415,2,2,8.3,90.3,35.9
1771701501.8940465,2,2,9.3,90.4,35.9
1771701511.9063618,2,2,9.9,90.5,35.9
1771701521.9204516,2,2,7.8,90.5,35.9
1771701531.9361222,2,2,10.2,90.6,35.9
1771701541.9512074,2,2,12.0,91.1,35.9
1771701551.9677835,2,2,12.8,91.1,35.9
1771701561.9863951,2,2,19.9,91.0,35.9
1771701572.011133,2,2,17.6,90.7,35.9
1771701582.0286725,2,2,23.6,92.7,35.9
1771701592.0628748,2,2,36.9,95.3,36.5
1771701602.0868444,2,2,43.3,95.6,36.5
1771701612.1246672,2,2,19.6,95.1,36.5
1771701622.1492333,2,2,18.8,94.7,36.5
1771701632.1674588,2,2,15.9,94.6,36.5
1771701642.1924732,2,2,15.6,88.9,36.5
1771701652.2145057,2,2,13.6,88.6,36.5
1771701662.2330723,2,2,23.0,89.4,36.5
1771701672.2494922,2,2,19.4,90.1,36.5
1771701682.271914,2,2,12.8,90.1,36.5
1771701692.2883334,2,2,12.8,90.1,36.5
1771701702.3110168,2,2,16.4,89.8,36.5
1771701712.3286498,2,2,10.5,89.5,36.5
1771701722.3467166,2,2,18.7,89.9,36.5
1771701732.3636124,2,2,10.7,89.5,36.5
1771701742.3807335,2,2,16.0,89.8,36.5
1771701752.3971958,2,2,10.8,89.4,36.5
1771701762.411483,2,2,10.8,89.4,36.5
1771701772.426429,2,2,12.4,89.3,36.5
1771701782.4491518,2,2,15.7,89.4,36.5
1771701792.464462,2,2,12.7,89.6,36.5
1771701802.4808087,2,2,11.4,89.5,36.5
1771701812.495898,2,2,11.6,89.5,36.5
1771701822.5107481,3,2,9.7,88.9,36.5
1771701832.538247,3,2,33.1,87.7,36.5
1771701842.5537696,3,2,20.7,88.6,36.5
1771701852.570111,3,2,11.3,88.3,36.5
1771701862.586108,3,2,16.5,87.0,36.5
1771701872.6036518,3,2,31.7,92.4,36.5
1771701882.6255877,3,2,19.4,92.7,36.5
1771701892.644415,3,2,12.7,92.7,36.5
1771701902.663745,3,2,11.1,92.4,36.5
1771701912.681391,3,2,8.8,92.0,36.5
1771701922.6937094,3,2,11.2,92.2,36.5
1771701932.7078576,3,2,11.5,92.2,36.5
1771701942.7311177,3,2,20.4,86.0,36.5
1771701952.7455943,3,2,14.5,83.7,36.5
1771701962.7612307,3,2,11.1,83.8,36.5
1771701972.7752564,3,2,10.4,83.4,36.5
1771701982.791937,3,2,10.8,83.0,36.5
1771701992.8085194,3,2,11.3,83.1,36.5
1771702002.8231142,3,2,10.6,83.0,36.5
1771702012.8477085,3,2,10.6,83.1,36.5
1771702022.8620398,3,2,23.8,85.4,36.5
1771702032.8786514,3,2,9.5,85.2,36.5
1771702042.8967168,3,2,11.5,84.9,36.5
1771702052.9145222,3,2,12.7,85.6,36.5
1771702062.93082,3,2,9.3,85.3,36.5
1771702072.948069,3,2,17.3,87.1,36.5
1771702082.9702303,3,2,27.9,86.7,36.5
1771702092.989304,3,2,18.9,86.6,36.5
1771702103.0087378,3,2,20.4,81.2,36.5
1771702113.0228682,3,2,12.7,81.3,36.5
1771702123.0417945,3,2,11.7,81.0,36.5
1771702133.0618272,3,2,12.8,81.1,36.5
1771702143.0836346,3,2,12.2,81.1,36.5
1771702153.097321,3,2,10.2,80.6,36.5
1771702163.1124506,3,2,12.9,80.5,36.5
1771702173.129237,3,2,10.9,80.5,36.5
1771702183.1422713,3,2,9.7,80.6,36.5
1771702193.1595924,3,2,12.1,80.6,36.5
1771702203.1742778,3,2,12.2,80.6,36.5
1771702213.193945,3,2,12.1,80.7,36.5
1771702223.2337804,3,2,12.1,80.6,36.5
1771702233.2510118,3,2,12.0,80.8,36.5
1771702243.2735152,3,2,15.6,76.4,36.5
1771702253.2913995,3,2,16.8,75.1,36.5
1771702263.3074849,3,2,15.9,75.3,36.5
1771702273.3230116,3,2,10.0,75.1,36.5
1771702283.3407838,3,2,9.8,75.2,36.5
1771702293.362304,3,2,12.6,75.3,36.5
1771702303.3802817,3,2,12.0,75.3,36.5
1771702313.39973,3,2,10.8,75.2,36.5
1771702323.4134862,3,2,11.8,75.3,36.5
1771702333.4318485,3,2,10.5,75.4,36.5
1771702343.4533741,3,2,9.3,75.4,36.5
1771702353.4716387,3,2,13.0,75.6,36.5
1771702363.4844337,3,2,9.8,75.5,36.5
1771702373.5013413,3,2,13.0,75.8,36.5
1771702383.5176802,3,2,12.1,75.4,36.5
1771702393.5361602,3,2,16.1,76.2,36.5
1771702403.5565894,3,2,24.0,77.1,36.5
1771702413.5840018,3,2,18.4,77.4,36.5
1771702423.602764,3,2,18.0,77.6,36.5
1771702433.620491,3,2,18.9,77.8,36.5
1771702443.6426704,3,2,22.6,77.9,36.5
1771702453.6592667,3,2,14.7,77.9,36.5
1771702463.6841228,3,2,19.6,78.2,36.5
1771702473.7010458,3,2,15.0,78.3,36.5
1771702483.7265153,3,2,23.7,79.8,36.5
1771702493.7446811,3,2,27.2,78.3,36.5
1771702503.7607143,3,2,22.9,78.3,36.5
1771702513.7752,3,2,9.2,77.4,36.5
1771702523.80068,3,2,19.4,76.9,36.5
1771702533.8373542,3,2,14.3,77.4,36.5
1771702543.8516245,3,2,23.0,76.0,36.5
1771702553.8663921,3,2,10.7,75.6,36.5
1771702563.8861256,3,2,19.3,81.7,36.5
1771702573.9028723,3,2,25.3,80.7,36.5
1771702583.9234798,3,2,20.0,81.3,36.5
1771702593.945267,3,2,31.8,81.6,36.5
1771702603.9634929,3,2,19.9,81.5,36.5
1771702613.9820795,3,2,19.5,82.3,36.6
1771702624.00083,3,2,24.8,83.1,36.6
1771702634.0251448,3,2,18.2,82.3,36.6
1771702644.0445914,3,2,19.3,81.6,36.6
1771702654.0618775,3,2,17.1,81.1,36.6
1771702664.0769892,3,2,16.9,80.8,36.6
1771702674.0986218,3,2,45.5,83.6,36.6
1771702684.1157753,3,2,82.1,84.2,36.6
1771702694.132819,3,2,48.5,84.6,36.6
1771702704.151492,3,2,20.7,85.3,36.6
1771702714.208289,3,2,42.4,82.5,36.6
1771702724.226261,3,2,11.1,82.5,36.6
1771702734.2461264,3,2,28.0,84.2,36.6
1771702744.261639,3,2,26.6,83.0,36.6
1771702754.2762852,3,2,10.1,83.2,36.6
1771702764.291802,3,2,42.6,83.9,36.6
1771702774.3078253,3,2,32.1,81.5,36.6
1771702784.3272045,3,2,17.6,81.8,36.6
1771702794.3421283,3,2,19.7,82.0,36.6
1771702804.3586748,3,2,25.1,81.8,36.6
1771702814.3731189,3,2,19.1,82.1,36.6
1771702824.4028323,3,2,15.9,82.0,36.6
1771702834.4290664,3,2,13.3,81.9,36.6
1771702844.449642,3,2,15.3,82.1,36.6
1771702854.4672122,3,2,20.2,81.9,36.6
1771702864.4834511,3,2,16.4,81.5,36.6
1771702874.5039685,3,2,14.6,81.6,36.6
1771702884.5199885,3,2,19.0,81.8,36.6
1771702894.5407162,3,2,14.7,81.7,36.6
1771702904.5580485,3,2,18.6,81.5,36.6
1771702914.5757577,3,2,27.8,82.5,36.6
1771702924.6038487,3,2,25.4,81.8,36.6
1771702934.622139,3,2,25.8,82.0,36.6
1771702944.6411684,3,2,21.2,82.2,36.6
1771702954.668684,3,2,28.7,83.6,36.6
1771702964.6896436,3,2,17.9,83.6,36.6
1771702974.7136397,3,2,16.6,83.9,36.6
1771702984.7412972,3,2,33.5,83.7,36.6
1771702994.7594845,3,2,67.1,86.1,36.6
1771703004.7856488,3,2,76.6,87.0,36.6
1771703014.8072867,3,2,61.4,82.6,36.6
1771703024.8276277,3,2,18.8,83.0,36.6
1771703034.845452,3,2,14.9,82.8,36.6
1771703044.8668363,3,2,28.1,83.9,36.6
1771703054.8816032,3,2,26.9,83.5,36.6
1771703064.9016385,3,2,21.0,83.4,36.6
1771703074.9228537,3,2,25.3,84.1,36.6
1771703084.9537516,3,2,22.3,84.2,36.6
1771703094.9796646,3,2,26.4,84.4,36.6
1771703104.9978786,3,2,27.1,84.4,36.6
1771703115.015014,3,2,25.2,84.2,36.6
1771703125.0334702,3,2,21.7,84.3,36.6
1771703135.0524235,3,2,23.2,84.4,36.6
1771703145.076591,3,2,29.5,85.3,36.6
1771703155.0937982,3,2,25.4,85.3,36.6
1771703165.1134186,3,2,28.4,86.5,36.6
1771703175.1350796,3,2,26.3,83.9,36.6
1771703185.1520698,3,2,25.4,83.0,36.6
1771703195.1712906,3,2,25.6,83.9,36.6
1771703205.1926558,3,2,24.6,84.4,36.6
1771703215.210702,3,2,22.8,84.1,36.6
1771703225.2327328,3,2,21.1,83.2,36.6
1771703235.2553098,3,2,20.8,83.5,36.6
1771703245.2829614,3,2,23.2,84.7,36.6
1771703255.3013926,3,2,24.9,85.3,37.3
1771703265.32095,3,2,19.4,84.8,37.3
1771703275.3408632,3,2,21.9,84.7,37.3
1771703285.3588188,3,2,21.1,84.9,37.3
1771703295.379442,3,2,22.9,85.7,37.3
1771703305.4027267,3,2,17.8,85.5,37.3
1771703315.420263,3,2,19.0,85.5,37.3
1771703325.4380395,3,2,20.1,86.1,37.3
1771703335.4587948,3,2,16.2,86.1,37.3
1771703345.4771545,3,2,17.9,86.1,37.3
1771703355.4953375,3,2,15.4,86.2,37.3
1771703365.5145135,3,2,13.9,86.0,37.3
1771703375.531612,3,2,14.4,86.0,37.3
1771703385.55245,3,2,17.0,87.4,37.3
1771703395.5765245,3,2,30.0,84.9,37.3
1771703405.5932386,3,2,23.8,84.8,37.3
1771703415.608545,3,2,26.0,85.8,37.3
1771703425.632366,3,2,29.9,85.6,37.3
1771703435.6565645,3,2,32.7,86.9,37.3
1771703445.6779866,3,2,44.0,87.8,37.3
1771703455.6992843,3,2,36.6,88.8,37.3
1771703465.7200758,3,2,19.8,88.3,37.3
1771703475.743146,3,2,14.7,88.2,37.3
1771703485.7631054,3,2,17.1,87.0,37.3
1771703495.7869868,3,2,15.7,87.4,37.3
1771703505.8202648,3,2,23.2,89.0,37.3
1771703515.8400798,3,2,24.5,88.8,37.3
1771703525.8662722,3,2,24.0,89.8,37.3
1771703535.8874068,3,2,15.3,89.8,37.3
1771703545.9192998,3,2,17.6,89.8,37.3
1771703555.9440243,3,2,29.8,91.4,37.3
1771703565.9702458,3,2,31.7,92.2,37.3
1771703575.9924054,3,2,29.2,92.2,37.3
1771703586.0157325,3,2,24.3,92.5,37.3
1771703596.0408063,3,2,22.2,92.2,37.3
1771703606.0644233,3,2,24.8,92.5,37.3
1771703616.089691,3,2,23.7,92.4,37.3
1771703626.1125004,3,2,24.9,92.4,37.3
1771703636.135263,3,2,25.6,93.2,37.3
1771703646.154342,3,2,33.4,94.9,37.3
1771703656.1755674,3,2,27.2,95.5,37.3
1771703666.1928551,3,2,20.9,95.2,37.3
1771703676.2141953,3,2,16.9,95.4,37.3
1771703686.2310185,3,2,9.5,95.1,37.3
1771703696.2487888,3,2,12.0,95.2,37.3
1771703706.2698565,3,2,11.6,95.0,37.3
1771703716.285806,3,2,9.6,95.0,37.3
1771703726.304095,3,2,10.8,95.0,37.3
1771703736.3198044,3,2,9.8,95.1,37.3
1771703746.3355973,3,2,13.7,94.0,37.3
1771703756.3513274,3,2,15.7,89.4,37.3
1771703766.3673089,3,2,12.7,89.5,37.3
1771703776.3846195,3,2,11.7,89.4,37.3
1771703786.400357,3,2,10.1,89.5,37.3
1771703796.4144385,3,2,10.7,89.5,37.3
1771703806.4301832,3,2,9.6,89.4,37.3
1771703816.4457881,3,2,11.4,89.4,37.3
1771703826.4613125,3,2,14.7,90.6,37.3
1771703836.4769695,3,2,8.4,90.7,37.3
1771703846.4942346,3,2,10.5,90.7,37.3
1771703856.5102422,3,2,15.6,91.1,37.3
1771703866.5287006,3,2,18.3,90.7,37.3
1771703876.5477555,3,2,17.8,91.1,37.3
1771703886.5700405,3,2,21.8,91.6,37.3
1771703896.595163,3,2,25.4,90.3,37.3
1771703906.6174135,3,2,18.9,91.1,37.3
1771703916.6336274,3,2,21.0,91.1,37.3
1771703926.6508312,3,2,17.4,90.9,37.3
1771703936.6708977,3,2,16.5,91.5,37.3
1771703946.6972585,3,2,21.1,91.6,37.3
1771703956.7150714,3,2,18.8,92.1,37.3
1771703966.7329087,3,2,17.4,92.4,37.3
1771703976.7579942,3,2,26.9,92.6,37.3
1771703986.7766972,3,2,20.8,92.0,37.3
1771703996.794208,3,2,15.3,92.0,37.3
1771704006.8108554,3,2,18.4,91.7,37.3
1771704016.8368845,3,2,16.7,91.8,37.3
1771704026.8597069,3,2,15.7,91.5,37.3
1771704036.8843114,3,2,22.6,92.4,37.3
1771704046.9082122,3,2,20.3,92.5,37.3
1771704056.9304118,3,2,31.8,92.5,37.3
1771704066.965646,3,2,51.3,95.1,37.3
1771704077.0015485,3,2,21.0,88.5,37.3
1771704087.0260782,3,2,13.3,87.9,37.3
1771704097.0514185,3,2,12.6,87.5,37.3
1771704107.0711513,3,2,12.8,87.5,37.3
1771704117.1187534,3,2,22.2,89.4,37.3
1771704127.143596,3,2,16.6,88.8,37.3
1771704137.1590595,3,2,12.7,88.7,37.3
1771704147.1781375,3,2,22.2,89.0,37.3
1771704157.200515,3,2,17.5,89.6,37.3
1771704167.2210627,3,2,15.6,90.4,37.3
1771704177.2407615,3,2,21.3,91.7,37.3
1771704187.2676446,3,2,25.1,90.7,37.3
1771704197.2904203,3,2,15.2,91.2,37.3
1771704207.3081357,3,2,14.1,91.3,37.3
1771704217.3244681,3,2,10.8,90.8,37.3
1771704227.3407626,3,2,14.5,90.9,37.3
1771704237.359504,3,2,13.0,91.1,37.3
1771704247.3795688,3,2,14.2,91.4,37.3
1771704257.4004426,3,2,17.8,91.9,37.3
1771704267.4206676,3,2,16.0,91.8,37.3
1771704277.4381216,3,2,11.8,91.1,37.3
1771704287.453368,3,2,15.0,90.9,37.3
1771704297.4740975,3,2,22.6,91.5,37.3
1771704307.4916832,3,2,15.5,91.8,37.3
1771704317.5129344,3,2,18.1,91.6,37.3
1771704327.531983,3,2,22.5,92.5,37.3
1771704337.5517738,3,2,18.0,93.1,37.3
1771704347.572597,3,2,24.4,88.2,37.3
1771704357.5986373,3,2,30.7,89.4,37.3
1771704367.623506,3,2,28.1,87.6,37.3
1771704377.647177,3,2,41.3,89.4,38.3
1771704387.6675181,3,2,17.4,88.8,38.3
1771704397.6849592,3,2,22.8,89.4,38.3
1771704407.7142596,3,2,29.9,91.0,38.4
1771704417.736362,3,2,46.6,91.1,38.4
1771704427.8155596,3,2,34.3,90.2,38.4
1771704437.8375854,3,2,38.9,92.4,38.4
1771704447.860211,3,2,74.6,94.3,38.4
1771704457.8990314,3,2,84.5,96.1,38.4
1771704467.9248207,3,2,58.5,92.7,38.4
1771704477.946287,3,2,49.3,94.5,38.4
1771704487.9677954,3,2,38.5,94.0,38.4
1771704497.9865746,3,2,44.9,91.4,38.4
1771704508.023812,3,2,38.7,93.1,38.4
1771704518.0534515,3,2,34.5,90.6,38.4
1771704528.0725844,3,2,15.4,89.6,38.4
1771704538.0925207,3,2,21.0,89.9,38.4
1771704548.1389997,3,2,18.8,90.6,38.4
1771704558.1562889,3,2,14.3,90.5,38.4
1771704568.1732805,3,2,17.6,91.8,38.4
1771704578.2806187,3,2,16.4,91.6,38.4
1771704588.3060205,3,2,20.9,90.8,38.4
1771704598.3257957,3,2,20.2,90.8,38.4
1771704608.3647063,3,2,25.5,92.8,38.4
1771704618.3932261,3,2,23.2,93.6,38.4
1771704628.4181933,3,2,17.3,92.6,38.4
1771704638.447619,3,2,13.5,92.6,38.4
1771704648.4673886,3,2,14.7,92.7,38.4
1771704658.4876072,3,2,26.6,85.1,38.4
1771704668.5018036,3,2,13.3,82.7,38.4
1771704678.5194185,3,2,10.7,82.8,38.4
1771704688.540575,3,2,16.9,82.7,38.4
1771704698.5641954,3,2,24.0,84.2,38.4
1771704708.5918055,3,2,15.9,84.2,38.4
1771704718.6191308,3,2,14.2,83.7,38.4
1771704728.6440034,3,2,13.5,83.5,38.4
1771704738.6697605,3,2,14.3,83.9,38.4
1771704748.6945682,3,2,14.4,84.1,38.4
1771704758.717933,3,2,18.1,84.4,38.4
1771704768.7431846,3,2,13.3,84.5,38.4
1771704778.7731373,3,2,21.4,84.9,38.4
1771704788.799765,3,2,20.7,84.7,38.4
1771704798.821344,3,2,18.4,84.7,38.4
1771704808.8528864,3,2,16.9,86.1,38.4
1771704818.8701875,3,2,19.5,86.4,38.4
1771704828.8891497,3,2,15.7,86.2,38.4
1771704838.909427,3,2,16.7,86.6,38.4
1771704848.9305437,3,2,16.3,87.5,38.4
1771704858.9516618,3,2,7.8,87.7,38.4
1771704868.9671335,3,2,14.0,88.1,38.4
1771704878.995936,3,2,22.9,88.4,38.4
1771704889.0192885,3,2,24.1,88.6,38.4
1771704899.0476608,3,2,22.4,85.9,38.4
1771704909.0660777,3,2,24.8,86.4,38.4
1771704919.0851831,3,2,13.2,86.2,38.4
1771704929.1061084,3,2,7.5,86.1,38.4
1771704939.1304169,3,2,15.6,85.7,38.4
1771704949.1499612,3,2,11.3,85.5,38.4
1771704959.1695943,3,2,13.2,85.7,38.4
1771704969.2046242,3,2,20.2,84.7,38.4
1771704979.2250922,3,2,12.0,86.6,38.4
1771704989.2440228,3,2,13.5,85.2,38.4
1771704999.262432,3,2,13.8,85.2,38.4
1771705009.2852774,3,2,12.1,85.0,38.4
1771705019.3028703,3,2,10.6,84.8,38.4
1771705029.327522,3,2,14.5,84.8,38.4
1771705039.346179,3,2,12.8,84.8,38.4
1771705049.3637326,3,2,7.0,85.3,38.4
1771705059.3915365,3,2,17.3,86.1,38.4
1771705069.4124722,3,2,15.1,86.6,38.4
1771705079.4299078,3,2,6.6,86.6,38.4
1771705089.4562516,3,2,20.0,92.6,38.4
1771705099.4724092,3,2,11.0,90.9,38.4
1771705109.4877062,3,2,14.8,92.0,38.4
1771705119.5046442,3,2,23.5,92.2,38.4
1771705129.526906,3,2,17.5,92.6,38.4
1771705139.5502305,3,2,14.1,92.9,38.4
1771705149.5754828,3,2,24.0,93.6,38.4
1771705159.594184,3,2,20.1,93.6,38.4
1771705169.619841,3,2,19.3,93.8,38.4
1771705179.651874,3,2,40.8,95.4,38.4
1771705189.6713216,3,2,22.9,95.7,38.4
1771705199.687193,3,2,13.2,95.6,38.4
1771705209.6996822,3,2,15.2,94.2,38.4
1771705219.7203434,3,2,15.8,95.0,38.4
1771705229.7366812,3,2,5.9,95.6,38.4
1771705239.7582052,3,2,19.1,95.5,38.4
1771705249.7795424,3,2,9.6,95.3,38.4
1771705259.8011937,3,2,22.0,84.4,38.4
1771705269.8189998,3,2,25.1,82.0,38.4
1771705279.8372629,3,2,11.2,81.9,38.4
1771705289.8539426,3,2,9.9,82.2,38.4
1771705299.8753572,3,2,18.3,83.4,38.4
1771705309.89698,3,2,15.7,83.4,38.4
1771705319.9111056,3,2,7.2,83.3,38.4
1771705329.936519,3,2,15.9,82.7,38.4
1771705339.95546,3,2,14.9,82.8,38.4
1771705349.9755092,3,2,9.8,83.1,38.4
1771705359.9919853,3,2,15.0,83.4,38.4
1771705370.0118265,3,2,11.9,83.8,38.4
1771705380.036792,3,2,12.2,84.9,38.4
1771705390.071249,3,2,32.9,87.4,38.4
1771705400.0892832,3,2,16.2,84.4,38.4
1771705410.1091769,3,2,4.4,84.1,38.4
1771705420.12975,3,2,12.4,83.8,38.4
1771705430.1492305,3,2,9.1,82.8,38.4
1771705440.1677427,3,2,7.1,83.1,38.4
1771705450.1896145,3,2,14.0,83.1,38.4
1771705460.2079244,3,2,8.2,83.6,38.4
1771705470.2242045,3,2,9.0,83.9,38.4
1771705480.2464492,3,2,17.4,84.5,38.4
1771705490.2685506,3,2,17.3,83.6,38.4
1771705500.2871273,3,2,9.2,83.6,38.4
1771705510.3053935,3,2,11.4,83.6,38.4
1771705520.3304644,3,2,8.2,84.0,38.4
1771705530.3481615,3,2,10.0,82.1,38.4
1771705540.3669913,3,2,11.7,81.7,38.4
1771705550.3876085,3,2,10.6,82.1,38.4
1771705560.4040701,3,2,18.2,82.0,38.4
1771705570.4282033,3,2,20.1,82.0,38.4
1771705580.439878,3,2,13.4,82.0,38.4
1771705590.4571388,3,2,14.3,81.9,38.4
1771705600.4715889,3,2,14.6,82.6,38.4
1771705610.4878092,3,2,14.8,82.8,38.4
1771705620.5037472,3,2,21.2,84.0,38.4
1771705630.5300796,3,2,22.5,84.5,38.4
1771705640.551259,3,2,14.3,83.8,38.4
1771705650.5652955,3,2,19.2,84.1,38.4
1771705660.5796328,3,2,14.5,84.0,38.4
1771705670.5965905,3,2,7.9,84.6,38.4
1771705680.6110423,3,2,12.7,82.9,38.4
1771705690.6307704,3,2,11.7,82.9,38.4
1771705700.6472993,3,2,16.1,84.3,38.4
1771705710.6685772,3,2,26.5,84.2,38.4
1771705720.6902308,3,2,20.5,83.5,38.4
1771705730.7085204,3,2,9.4,83.1,38.4
1771705740.7248847,3,2,17.2,83.1,38.4
1771705750.74211,3,2,25.9,83.5,38.4
1771705760.764097,3,2,14.2,83.5,38.4
1771705770.7875223,3,2,15.5,83.5,38.4
1771705780.804147,3,2,17.8,83.6,38.4
1771705790.8202846,3,2,15.9,83.9,38.4
1771705800.8343124,3,2,10.7,83.6,38.4
1771705810.850086,3,2,14.3,82.7,38.4
1771705820.8710203,3,2,20.3,83.4,38.4
1771705830.8883986,3,2,14.9,83.4,38.4
1771705840.9034762,3,2,23.4,83.8,38.4
1771705850.91613,3,2,28.2,84.3,38.4
1771705860.9365532,3,2,30.0,84.0,38.4
1771705870.9545028,3,2,23.9,84.0,38.4
1771705880.9708087,3,2,27.0,84.6,38.4
1771705890.9870608,3,2,25.9,84.1,38.4
1771705901.0014539,3,2,20.2,85.3,38.4
1771705911.0166972,3,2,16.9,84.4,38.4
1771705921.0316603,3,2,19.0,83.5,38.4
1771705931.0462837,3,2,18.1,84.0,38.4
1771705941.0651653,3,2,14.6,83.9,38.4
1771705951.0904996,3,2,16.3,83.9,38.4
1771705961.1088412,3,2,23.3,84.1,38.4
1771705971.137701,3,2,17.2,84.5,38.4
1771705981.1539962,3,2,22.0,84.0,38.4
1771705991.1738958,3,2,30.8,84.7,38.4
1771706001.1908083,3,2,17.7,84.3,38.4
1771706011.2061906,3,2,17.3,83.8,38.4
1771706021.2335489,3,2,22.9,83.1,38.4
1771706031.2506518,3,2,18.0,83.3,38.4
1771706041.265336,3,2,18.9,83.3,38.4
1771706051.279801,3,2,16.1,82.7,38.4
1771706061.2977672,3,2,15.6,82.9,38.4
1771706071.312482,3,2,17.0,82.6,38.4
1771706081.327611,3,2,17.5,82.7,38.4
1771706091.343409,3,2,19.9,83.3,38.4
1771706101.3649962,3,2,25.7,84.0,38.4
1771706111.3901145,3,2,23.5,84.5,38.4
1771706121.4081957,3,2,22.9,84.1,38.4
1771706131.4327548,3,2,19.0,84.3,38.4
1771706141.450696,3,2,17.1,84.1,38.4
1771706151.4664237,3,2,17.9,84.2,38.4
1771706161.4828222,3,2,28.9,80.8,38.4
1771706171.5006032,3,2,18.8,80.0,38.4
1771706181.5245678,3,2,17.4,80.0,38.4
1771706191.5427608,3,2,19.0,79.6,38.4
1771706201.5583785,3,2,21.8,80.0,38.4
1771706211.5789192,3,2,21.1,79.7,38.4
1771706221.59648,3,2,24.4,79.7,38.4
1771706231.6167254,3,2,17.8,79.5,38.4
1771706241.6319692,3,2,19.1,79.7,38.4
1771706251.649939,3,2,18.5,80.2,38.4
1771706261.6668339,3,2,22.3,80.1,38.4
1771706271.681754,3,2,24.8,80.5,38.4
1771706281.6988354,3,2,21.1,79.9,38.4
1771706291.7132914,3,2,19.6,80.2,38.4
1771706301.7280889,3,2,21.6,79.9,38.4
1771706311.7437289,3,2,20.0,80.0,38.4
1771706321.7596292,3,2,17.0,79.6,38.4
1771706331.7721188,3,2,16.4,79.9,38.4
1771706341.7868762,3,2,21.1,80.6,38.4
1771706351.8025208,3,2,20.4,81.4,38.4
1771706361.8186653,3,2,26.0,83.0,38.4
1771706371.8356485,3,2,15.8,82.8,38.4
1771706381.850137,3,2,15.1,82.7,38.4
1771706391.8672702,3,2,15.8,82.2,38.4
1771706401.8838694,3,2,17.8,82.2,38.4
1771706411.8994634,3,2,14.5,82.3,38.4
1771706421.9124784,3,2,15.0,82.3,38.4
1771706431.926268,3,2,14.9,82.3,38.4
1771706441.9392443,3,2,17.1,82.0,38.4
1771706451.9528565,3,2,15.9,81.9,38.4
1771706461.9661405,3,2,21.8,80.3,38.4
1771706471.9809752,3,2,15.1,80.2,38.4
1771706481.9939327,3,2,14.9,80.3,38.4
1771706492.0068762,3,2,15.5,80.3,38.4
1771706502.0221334,3,2,15.3,80.3,38.4
1771706512.039527,3,2,16.9,80.4,38.4
1771706522.055341,3,2,26.4,90.3,38.4
1771706532.069083,3,2,38.3,84.8,38.4
1771706542.0820837,3,2,18.2,84.2,38.4
1771706552.0984087,3,2,19.9,82.3,38.4
1771706562.1131315,3,2,26.3,84.1,38.4
1771706572.129893,3,2,31.3,92.8,38.4
1771706582.1487424,3,2,25.8,88.1,38.4
1771706592.1633346,3,2,8.8,87.6,38.4
1771706602.1775465,3,2,11.2,88.3,38.4
1771706612.19134,3,2,12.8,88.3,38.4
1771706622.208036,3,2,13.5,88.3,38.4
1771706632.2232127,3,2,13.4,88.3,38.4
1771706642.2448843,3,2,16.2,88.0,38.4
1771706652.260708,3,2,13.7,88.0,38.4
1771706662.2781377,3,2,13.3,88.0,38.4
1771706672.2964766,3,2,13.7,87.9,38.4
1771706682.3094215,3,2,13.6,88.0,38.4
1771706692.3231237,3,2,13.6,88.1,38.4
1771706702.344525,3,2,27.9,88.4,38.4
1771706712.3671744,3,2,14.4,88.4,38.4
1771706722.3839812,3,2,12.1,88.3,38.4
1771706732.3996313,3,2,12.3,88.4,38.4
1771706742.4191158,3,2,13.7,88.1,38.4
1771706752.4385605,3,2,14.2,87.9,38.4
1771706762.4569147,3,2,21.2,84.2,38.4
1771706772.4722738,3,2,19.4,83.4,38.4
1771706782.4865522,3,2,13.8,83.4,38.4
1771706792.5051527,3,2,13.0,83.4,38.4
1771706802.5202322,3,2,14.5,83.4,38.4
1771706812.5368392,3,2,12.6,83.5,38.4
1771706822.553029,3,2,17.9,83.7,38.4
1771706832.5693765,3,2,17.9,83.5,38.4
1771706842.5856318,3,2,14.2,83.5,38.4
1771706852.6005907,3,2,15.3,83.5,38.4
1771706862.620046,3,2,15.2,83.6,38.4
1771706872.637172,3,2,15.3,83.9,38.4
1771706882.651746,3,2,18.1,84.4,38.4
1771706892.6705122,3,2,14.7,84.5,38.4
1771706902.6904652,3,2,13.6,84.5,38.4
1771706912.7038612,3,2,15.7,84.5,38.4
1771706922.7310004,3,2,19.7,82.2,38.4
1771706932.7478037,3,2,15.9,82.3,38.4
1771706942.76771,3,2,17.7,82.5,38.4
1771706952.7839038,3,2,14.8,82.6,38.4
1771706962.799555,3,2,14.7,82.6,38.4
1771706972.814505,3,2,13.9,82.6,38.4
1771706982.8304908,3,2,15.1,82.5,38.4
1771706992.844341,3,2,18.3,83.2,38.4
1771707002.8601592,3,2,25.8,84.0,38.4
1771707012.877705,3,2,17.9,84.2,38.4
1771707022.8933928,3,2,16.2,84.1,38.4
1771707032.908783,3,2,14.6,84.2,38.4
1771707042.924314,3,2,14.5,84.3,38.4
1771707052.9395177,3,2,15.4,84.5,38.4
1771707062.9584208,3,2,21.5,84.0,38.4
1771707072.9750347,3,2,14.5,84.1,38.4
1771707082.9915469,3,2,14.9,84.0,38.4
1771707093.0069313,3,2,15.4,84.1,38.4
1771707103.0255332,3,2,14.9,84.1,38.4
1771707113.0421524,3,2,15.4,84.3,38.4
1771707123.058013,3,2,17.2,84.3,38.4
1771707133.0732722,3,2,15.2,84.3,38.4
1771707143.0927312,3,2,15.1,84.2,38.4
1771707153.1067667,3,2,16.6,83.6,38.4
1771707163.1234753,3,2,16.6,83.4,38.4
1771707173.1377215,3,2,15.6,83.5,38.4
1771707183.153967,3,2,20.0,84.0,38.4
1771707193.1716714,3,2,25.0,88.3,38.4
1771707203.1906793,3,2,16.5,88.0,38.4
1771707213.2067502,3,2,17.2,87.7,38.4
1771707223.2214108,3,2,23.4,88.5,38.4
1771707233.2417026,3,2,23.3,88.7,38.4
1771707243.2578611,3,2,21.8,88.5,38.4
1771707253.2741294,3,2,15.8,88.0,38.4
1771707263.2888944,3,2,15.5,88.1,38.4
1771707273.3044798,3,2,16.4,88.0,38.4
1771707283.3201241,3,2,14.9,88.1,38.4
1771707293.3558562,3,2,16.0,88.2,38.4
1771707303.372454,3,2,17.2,87.7,38.4
1771707313.3845203,3,2,16.0,88.3,38.4
1771707323.4083793,3,2,25.6,88.4,38.4
1771707333.4247246,3,2,17.8,86.6,38.4
1771707343.4375336,3,3,22.3,86.8,38.4
1771707353.4505372,3,3,22.8,87.0,38.4
1771707363.4613109,3,3,25.8,86.3,38.4
1771707373.4778352,2,2,24.9,84.4,38.4
1771707383.489365,2,2,19.2,84.6,38.4
1771707393.5050035,3,3,21.3,85.1,38.4
1771707403.515914,3,3,28.4,85.7,38.4
1771707413.5250957,3,3,20.8,85.6,38.4
1771707423.5412133,3,3,28.7,87.4,38.4
1771707433.5575671,2,2,25.7,86.5,38.4
1771707443.5736656,2,2,17.0,86.4,38.4
1771707453.5938897,2,2,15.1,86.1,38.4
1771707463.6090083,2,2,14.8,86.2,38.4
1771707473.6203113,2,2,14.7,86.3,38.4
1771707483.63419,2,2,21.2,87.6,38.4
1771707493.6445599,2,2,28.8,86.9,38.4
1771707503.657812,2,2,17.6,87.5,38.4
1771707513.6766186,2,2,25.3,88.1,38.4
1771707523.692419,2,2,13.8,88.1,38.4
1771707533.7088153,2,2,15.7,87.8,38.4
1771707543.717966,3,3,29.6,88.7,38.4
1771707553.7269492,3,3,20.4,87.5,38.4
1771707563.738361,3,3,20.5,87.7,38.4
1771707573.751073,2,2,21.0,87.8,38.4
